{
  "dataset": {
    "num_artists": 29858,
    "num_track_rows": 158292,
    "random_state": 42,
    "source_csv": "C:\\Users\\ranji\\PycharmProjects\\spotify-collaboration-network\\data\\raw\\(probed)",
    "test_size": 0.2
  },
  "lift_graph_over_audio": {
    "mae_audio": 12.812578642037511,
    "mae_combined": 7.688230313479942,
    "mae_delta": 5.124348328557569,
    "r2_audio": 0.16364276605558536,
    "r2_combined": 0.5768125679748237,
    "r2_delta": 0.41316980191923836,
    "rmse_audio": 16.01840454685615,
    "rmse_combined": 11.39435456433533,
    "rmse_delta": 4.62404998252082,
    "rmse_relative_pct": 28.867107014277263
  },
  "models": {
    "audio_only": {
      "mae": 12.812578642037511,
      "n_test": 5972,
      "n_train": 23886,
      "r2": 0.16364276605558536,
      "rmse": 16.01840454685615
    },
    "baseline_mean": {
      "mae": 14.432362127172965,
      "n_test": 5972,
      "n_train": 23886,
      "r2": -0.00023340727269460793,
      "rmse": 17.517576657169652
    },
    "combined": {
      "mae": 7.688230313479942,
      "n_test": 5972,
      "n_train": 23886,
      "r2": 0.5768125679748237,
      "rmse": 11.39435456433533
    },
    "genre_only": {
      "mae": 11.053002477275864,
      "n_test": 5972,
      "n_train": 23886,
      "r2": 0.32508407520720317,
      "rmse": 14.38958227161158
    },
    "graph_only": {
      "mae": 8.78514931321966,
      "n_test": 5972,
      "n_train": 23886,
      "r2": 0.46151573819896496,
      "rmse": 12.85315829512204
    }
  }
}